name,R_M1,N_M1,R_M2,N_M2,d,Xmax,Xmin,EAmax,EAmin,IEmax,IEmin,Omax,Omin,Qmax,Qmin,DBCmax,DBCmin
Sc-Sc,1.84,1,1.84,1,2.854,1.36,1.36,0.1882,0.1882,6.56149,6.56149,0.84,0.84,1.357295,1.343136,1.158,1.158
Ti-Sc,1.76,2,1.84,1,2.693,1.54,1.36,0.1882,0.075545,6.82812,6.56149,1.04,0.84,1.438276,1.090974,1.4465,1.0045
V-Sc,1.71,3,1.84,1,2.62,1.63,1.36,0.527662,0.1882,6.746187,6.56149,0.84,0.79,1.567062,1.09961,0.9835,0.721
Cr-Sc,1.66,5,1.84,1,2.733,1.66,1.36,0.6758412,0.1882,6.76651,6.56149,0.84,0.61,1.544613,1.02978,1.2945,0.057
Mn-Sc,1.61,5,1.84,1,2.605,1.55,1.36,0.1882,-0.52,7.434038,6.56149,0.84,0.37,1.625022,0.853823,1.383,-0.6615
Fe-Sc,1.56,6,1.84,1,2.459,1.83,1.36,0.1882,0.15323634,7.9024681,6.56149,0.84,0.43,1.624758,0.644064,1.3905,-1.077
Co-Sc,1.52,7,1.84,1,2.36,1.88,1.36,0.662265,0.1882,7.88101,6.56149,0.84,0.39,1.62843,0.428515,1.5325,-0.91
Ni-Sc,1.49,8,1.84,1,2.321,1.91,1.36,1.1571612,0.1882,7.639878,6.56149,0.84,0.19,1.630497,0.323866,1.6415,-1.2825
Cu-Sc,1.45,10,1.84,1,2.549,1.9,1.36,1.235784,0.1882,7.72638,6.56149,0.84,0.19,1.732432,0.541513,1.0005,-3.177
Zn-Sc,1.42,10,1.84,1,2.704,1.65,1.36,0.1882,-0.62,9.394197,6.56149,0.84,0.24,1.825522,0.133395,1.333,-6.1715
Y-Sc,2.12,1,1.84,1,3.016,1.36,1.22,0.30712,0.1882,6.56149,6.21726,0.84,0.81,1.449497,1.40907,1.2125,1.2025
Zr-Sc,2.06,2,1.84,1,2.811,1.36,1.33,0.433289,0.1882,6.634126,6.56149,0.84,0.84,1.38661,1.221414,1.475,0.868
Nb-Sc,1.98,4,1.84,1,2.696,1.6,1.36,0.917407,0.1882,6.75885,6.56149,0.84,0.81,1.4729,0.944018,1.427,0.3395
Mo-Sc,1.9,5,1.84,1,2.537,2.16,1.36,0.74733,0.1882,7.09243,6.56149,0.84,0.62,1.529796,0.891451,1.7265,-0.1065
Tc-Sc,1.83,5,1.84,1,2.472,1.9,1.36,0.552,0.1882,7.11938,6.56149,0.84,0.5,1.586402,0.663655,1.461,-0.7635
Ru-Sc,1.78,7,1.84,1,2.387,2.2,1.36,1.0463825,0.1882,7.3605,6.56149,0.84,0.43,1.624359,0.413523,1.5015,-0.952
Rh-Sc,1.73,8,1.84,1,2.465,2.28,1.36,1.142892,0.1882,7.4589,6.56149,0.84,0.31,1.704195,0.406693,1.0355,-2.2395
Pd-Sc,1.69,10,1.84,1,2.388,2.2,1.36,0.5621412,0.1882,8.336839,6.56149,0.84,-0.03,1.676269,0.113384,1.5365,-2.5355
Ag-Sc,1.65,10,1.84,1,2.623,1.93,1.36,1.304473,0.1882,7.576234,6.56149,0.84,0.1,1.712715,0.400527,1.0135,-4.7995
Cd-Sc,1.61,10,1.84,1,2.999,1.69,1.36,0.1882,-0.72,8.99382,6.56149,0.84,0.25,1.865935,0.098714,1.135,-8.439
Hf-Sc,2.08,2,1.84,1,2.837,1.36,1.3,0.1882,0.17807,6.82507,6.56149,1.0,0.84,1.431831,1.268765,1.311,0.6115
Ta-Sc,2.0,3,1.84,1,2.646,1.5,1.36,0.32312,0.1882,7.549571,6.56149,0.84,0.75,1.453505,1.238308,1.757,0.5615
W-Sc,1.93,4,1.84,1,2.575,2.36,1.36,0.816268,0.1882,7.86403,6.56149,0.85,0.84,1.511806,0.986964,1.726,0.03
Re-Sc,1.88,5,1.84,1,2.514,1.9,1.36,0.1882,0.06039663,7.83352,6.56149,0.84,0.5,1.568886,0.652832,1.5425,-0.721
Os-Sc,1.85,6,1.84,1,2.451,2.2,1.36,1.0778013,0.1882,8.43823,6.56149,0.84,0.43,1.61767,0.42095,1.522,-1.1555
Ir-Sc,1.8,7,1.84,1,2.518,2.2,1.36,1.5643615,0.1882,8.96702,6.56149,0.84,0.44,1.713984,0.392021,1.018,-2.3065
Pt-Sc,1.77,9,1.84,1,2.42,2.28,1.36,2.125105,0.1882,8.95883,6.56149,0.84,0.11,1.677941,0.052727,1.7325,-2.5165
Au-Sc,1.74,10,1.84,1,2.577,2.54,1.36,2.30861025,0.1882,9.225554,6.56149,0.84,0.0,1.736464,0.278489,1.141,-4.711
Ti-Ti,1.76,2,1.76,2,2.505,1.54,1.54,0.075545,0.075545,6.82812,6.82812,1.04,1.04,1.289579,1.229482,0.684,0.684
V-Ti,1.71,3,1.76,2,2.58,1.63,1.54,0.527662,0.075545,6.82812,6.746187,1.04,0.79,1.336014,1.148598,0.6865,0.6115
Cr-Ti,1.66,5,1.76,2,2.667,1.66,1.54,0.6758412,0.075545,6.82812,6.76651,1.04,0.61,1.350825,1.09818,0.5605,-0.3025
Mn-Ti,1.61,5,1.76,2,2.429,1.55,1.54,0.075545,-0.52,7.434038,6.82812,1.04,0.37,1.424969,0.873423,0.7385,-0.7735
Fe-Ti,1.56,6,1.76,2,2.207,1.83,1.54,0.15323634,0.075545,7.9024681,6.82812,1.04,0.43,1.376952,0.487843,1.0965,-0.5455
Co-Ti,1.52,7,1.76,2,2.05,1.88,1.54,0.662265,0.075545,7.88101,6.82812,1.04,0.39,1.502881,0.354504,0.695,-1.099
Ni-Ti,1.49,8,1.76,2,2.246,1.91,1.54,1.1571612,0.075545,7.639878,6.82812,1.04,0.19,1.50373,0.389587,0.6735,-1.7035
Cu-Ti,1.45,10,1.76,2,2.559,1.9,1.54,1.235784,0.075545,7.72638,6.82812,1.04,0.19,1.487985,0.55389,0.673,-2.9185
Zn-Ti,1.42,10,1.76,2,2.612,1.65,1.54,0.075545,-0.62,9.394197,6.82812,1.04,0.24,1.573876,0.295946,0.743,-6.1855
Y-Ti,2.12,1,1.76,2,2.829,1.54,1.22,0.30712,0.075545,6.82812,6.21726,1.04,0.81,1.575507,1.064981,1.4525,1.0055
Zr-Ti,2.06,2,1.76,2,2.644,1.54,1.33,0.433289,0.075545,6.82812,6.634126,1.04,0.84,1.349771,1.135063,0.9765,0.8905
Nb-Ti,1.98,4,1.76,2,2.117,1.6,1.54,0.917407,0.075545,6.82812,6.75885,1.04,0.81,1.154357,0.960584,1.0895,0.467
Mo-Ti,1.9,5,1.76,2,2.356,2.16,1.54,0.74733,0.075545,7.09243,6.82812,1.04,0.62,1.410103,0.932048,0.637,-0.304
Tc-Ti,1.83,5,1.76,2,2.245,1.9,1.54,0.552,0.075545,7.11938,6.82812,1.04,0.5,1.432186,0.619188,0.677,-0.7375
Ru-Ti,1.78,7,1.76,2,2.209,2.2,1.54,1.0463825,0.075545,7.3605,6.82812,1.04,0.43,1.458049,0.436442,0.7095,-1.2285
Rh-Ti,1.73,8,1.76,2,2.148,2.28,1.54,1.142892,0.075545,7.4589,6.82812,1.04,0.31,1.52392,0.203096,0.7115,-1.829
Pd-Ti,1.69,10,1.76,2,2.329,2.2,1.54,0.5621412,0.075545,8.336839,6.82812,1.04,-0.03,1.5343,0.219445,0.6,-2.9325
Ag-Ti,1.65,10,1.76,2,2.582,1.93,1.54,1.304473,0.075545,7.576234,6.82812,1.04,0.1,1.488975,0.434267,0.6055,-4.6925
Cd-Ti,1.61,10,1.76,2,3.11,1.69,1.54,0.075545,-0.72,8.99382,6.82812,1.04,0.25,1.614773,0.08636,0.6605,-8.079
Hf-Ti,2.08,2,1.76,2,2.69,1.54,1.3,0.17807,0.075545,6.82812,6.82507,1.04,1.0,1.287299,1.160073,1.101,1.0445
Ta-Ti,2.0,3,1.76,2,2.4,1.54,1.5,0.32312,0.075545,7.549571,6.82812,1.04,0.75,1.226891,0.98389,0.952,0.4565
W-Ti,1.93,4,1.76,2,2.395,2.36,1.54,0.816268,0.075545,7.86403,6.82812,1.04,0.85,1.350607,0.98726,0.6645,-0.1075
Re-Ti,1.88,5,1.76,2,2.177,1.9,1.54,0.075545,0.06039663,7.83352,6.82812,1.04,0.5,1.37627,0.47453,1.143,-0.629
Os-Ti,1.85,6,1.76,2,2.266,2.2,1.54,1.0778013,0.075545,8.43823,6.82812,1.04,0.43,1.474917,0.434387,0.7395,-1.385
Ir-Ti,1.8,7,1.76,2,2.198,2.2,1.54,1.5643615,0.075545,8.96702,6.82812,1.04,0.44,1.54849,0.163229,0.769,-1.8715
Pt-Ti,1.77,9,1.76,2,2.34,2.28,1.54,2.125105,0.075545,8.95883,6.82812,1.04,0.11,1.592736,0.171719,0.5505,-3.058
Au-Ti,1.74,10,1.76,2,2.548,2.54,1.54,2.30861025,0.075545,9.225554,6.82812,1.04,0.0,1.515412,0.321842,0.617,-4.641
V-V,1.71,3,1.71,3,2.439,1.63,1.63,0.527662,0.527662,6.746187,6.746187,0.79,0.79,1.159118,1.135896,0.6175,0.6175
Cr-V,1.66,5,1.71,3,2.646,1.66,1.63,0.6758412,0.527662,6.76651,6.746187,0.79,0.61,1.168797,1.107485,0.739,-0.0835
Mn-V,1.61,5,1.71,3,2.621,1.63,1.55,0.527662,-0.52,7.434038,6.746187,0.79,0.37,1.150384,1.065074,0.745,-1.253
Fe-V,1.56,6,1.71,3,1.912,1.83,1.63,0.527662,0.15323634,7.9024681,6.746187,0.79,0.43,1.227081,0.607686,0.7075,-0.888
Co-V,1.52,7,1.71,3,2.105,1.88,1.63,0.662265,0.527662,7.88101,6.746187,0.79,0.39,1.292,0.466245,0.5655,-1.123
Ni-V,1.49,8,1.71,3,2.229,1.91,1.63,1.1571612,0.527662,7.639878,6.746187,0.79,0.19,1.330219,0.450278,0.456,-1.783
Cu-V,1.45,10,1.71,3,2.463,1.9,1.63,1.235784,0.527662,7.72638,6.746187,0.79,0.19,1.283201,0.563303,0.747,-2.764
Zn-V,1.42,10,1.71,3,2.57,1.65,1.63,0.527662,-0.62,9.394197,6.746187,0.79,0.24,1.319527,0.446946,1.0285,-6.1145
Y-V,2.12,1,1.71,3,2.747,1.63,1.22,0.527662,0.30712,6.746187,6.21726,0.81,0.79,1.691832,1.095687,1.13,0.8005
Zr-V,2.06,2,1.71,3,2.497,1.63,1.33,0.527662,0.433289,6.746187,6.634126,0.84,0.79,1.470746,1.069943,1.0785,0.591
Nb-V,1.98,4,1.71,3,2.361,1.63,1.6,0.917407,0.527662,6.75885,6.746187,0.81,0.79,1.249324,1.130925,0.639,0.4745
Mo-V,1.9,5,1.71,3,2.406,2.16,1.63,0.74733,0.527662,7.09243,6.746187,0.79,0.62,1.13689,0.987683,0.733,-0.225
Tc-V,1.83,5,1.71,3,2.161,1.9,1.63,0.552,0.527662,7.11938,6.746187,0.79,0.5,1.227446,0.686964,0.64,-0.668
Ru-V,1.78,7,1.71,3,2.202,2.2,1.63,1.0463825,0.527662,7.3605,6.746187,0.79,0.43,1.325492,0.524544,0.343,-1.355
Rh-V,1.73,8,1.71,3,2.325,2.28,1.63,1.142892,0.527662,7.4589,6.746187,0.79,0.31,1.318852,0.420325,0.4015,-2.095
Pd-V,1.69,10,1.71,3,2.363,2.2,1.63,0.5621412,0.527662,8.336839,6.746187,0.79,-0.03,1.30831,0.260651,0.682,-2.6675
Ag-V,1.65,10,1.71,3,2.771,1.93,1.63,1.304473,0.527662,7.576234,6.746187,0.79,0.1,1.341808,0.343235,0.9975,-3.6005
Cd-V,1.61,10,1.71,3,2.82,1.69,1.63,0.527662,-0.72,8.99382,6.746187,0.79,0.25,1.375495,0.248805,0.9945,-7.649
Hf-V,2.08,2,1.71,3,2.616,1.63,1.3,0.527662,0.17807,6.82507,6.746187,1.0,0.79,1.442742,1.097771,0.836,0.65
Ta-V,2.0,3,1.71,3,2.384,1.63,1.5,0.527662,0.32312,7.549571,6.746187,0.79,0.75,1.31307,1.119015,0.6065,0.531
W-V,1.93,4,1.71,3,2.434,2.36,1.63,0.816268,0.527662,7.86403,6.746187,0.85,0.79,1.115091,1.070329,0.811,-0.123
Re-V,1.88,5,1.71,3,2.25,1.9,1.63,0.527662,0.06039663,7.83352,6.746187,0.79,0.5,1.233669,0.714934,0.586,-0.741
Os-V,1.85,6,1.71,3,2.085,2.2,1.63,1.0778013,0.527662,8.43823,6.746187,0.79,0.43,1.310141,0.404052,0.4695,-1.3165
Ir-V,1.8,7,1.71,3,2.18,2.2,1.63,1.5643615,0.527662,8.96702,6.746187,0.79,0.44,1.362115,0.274433,0.42,-1.964
Pt-V,1.77,9,1.71,3,2.318,2.28,1.63,2.125105,0.527662,8.95883,6.746187,0.79,0.11,1.368571,0.229865,0.4385,-2.9885
Au-V,1.74,10,1.71,3,2.484,2.54,1.63,2.30861025,0.527662,9.225554,6.746187,0.79,0.0,1.330363,0.35044,0.6645,-4.7055
Cr-Cr,1.66,5,1.66,5,2.57,1.66,1.66,0.6758412,0.6758412,6.76651,6.76651,0.61,0.61,1.034519,1.028084,0.348,0.348
Mn-Cr,1.61,5,1.66,5,2.553,1.66,1.55,0.6758412,-0.52,7.434038,6.76651,0.61,0.37,1.102136,1.060687,0.13,-1.144
Fe-Cr,1.56,6,1.66,5,2.512,1.83,1.66,0.6758412,0.15323634,7.9024681,6.76651,0.61,0.43,1.135635,0.76989,0.304,-1.031
Co-Cr,1.52,7,1.66,5,2.435,1.88,1.66,0.6758412,0.662265,7.88101,6.76651,0.61,0.39,1.129811,0.548183,0.402,-0.824
Ni-Cr,1.49,8,1.66,5,2.357,1.91,1.66,1.1571612,0.6758412,7.639878,6.76651,0.61,0.19,1.163623,0.47895,0.2345,-1.4065
Cu-Cr,1.45,10,1.66,5,2.417,1.9,1.66,1.235784,0.6758412,7.72638,6.76651,0.61,0.19,1.174497,0.578361,0.2295,-2.8665
Zn-Cr,1.42,10,1.66,5,2.596,1.66,1.65,0.6758412,-0.62,9.394197,6.76651,0.61,0.24,1.213789,0.593144,0.109,-6.5555
Y-Cr,2.12,1,1.66,5,2.832,1.66,1.22,0.6758412,0.30712,6.76651,6.21726,0.81,0.61,1.574427,1.024776,1.425,0.028
Zr-Cr,2.06,2,1.66,5,2.554,1.66,1.33,0.6758412,0.433289,6.76651,6.634126,0.84,0.61,1.53903,0.937241,0.942,0.1495
Nb-Cr,1.98,4,1.66,5,2.378,1.66,1.6,0.917407,0.6758412,6.76651,6.75885,0.81,0.61,1.297241,0.950963,0.4935,0.22
Mo-Cr,1.9,5,1.66,5,2.384,2.16,1.66,0.74733,0.6758412,7.09243,6.76651,0.62,0.61,1.041857,1.03768,0.1655,-0.271
Tc-Cr,1.83,5,1.66,5,2.264,1.9,1.66,0.6758412,0.552,7.11938,6.76651,0.61,0.5,1.127493,0.841119,-0.252,-1.051
Ru-Cr,1.78,7,1.66,5,2.266,2.2,1.66,1.0463825,0.6758412,7.3605,6.76651,0.61,0.43,1.180309,0.543694,-0.2035,-1.187
Rh-Cr,1.73,8,1.66,5,2.452,2.28,1.66,1.142892,0.6758412,7.4589,6.76651,0.61,0.31,1.184395,0.439383,0.0575,-1.8095
Pd-Cr,1.69,10,1.66,5,2.379,2.2,1.66,0.6758412,0.5621412,8.336839,6.76651,0.61,-0.03,1.190507,0.282918,0.208,-2.6395
Ag-Cr,1.65,10,1.66,5,2.753,1.93,1.66,1.304473,0.6758412,7.576234,6.76651,0.61,0.1,1.278236,0.443236,-0.017,-3.874
Cd-Cr,1.61,10,1.66,5,3.174,1.69,1.66,0.6758412,-0.72,8.99382,6.76651,0.61,0.25,1.283845,0.086969,0.643,-7.097
Hf-Cr,2.08,2,1.66,5,2.591,1.66,1.3,0.6758412,0.17807,6.82507,6.76651,1.0,0.61,1.532632,0.920213,1.052,0.2185
Ta-Cr,2.0,3,1.66,5,2.606,1.66,1.5,0.6758412,0.32312,7.549571,6.76651,0.75,0.61,1.266809,1.053123,0.0935,0.0795
W-Cr,1.93,4,1.66,5,2.415,2.36,1.66,0.816268,0.6758412,7.86403,6.76651,0.85,0.61,1.142499,1.022062,0.2085,-0.104
Re-Cr,1.88,5,1.66,5,2.302,1.9,1.66,0.6758412,0.06039663,7.83352,6.76651,0.61,0.5,1.008461,0.717475,0.0395,-0.807
Os-Cr,1.85,6,1.66,5,2.297,2.2,1.66,1.0778013,0.6758412,8.43823,6.76651,0.61,0.43,1.180463,0.5623,-0.2205,-1.491
Ir-Cr,1.8,7,1.66,5,2.187,2.2,1.66,1.5643615,0.6758412,8.96702,6.76651,0.61,0.44,1.181844,0.368514,-0.1045,-2.0965
Pt-Cr,1.77,9,1.66,5,2.376,2.28,1.66,2.125105,0.6758412,8.95883,6.76651,0.61,0.11,1.209374,0.255181,0.187,-2.776
Au-Cr,1.74,10,1.66,5,2.435,2.54,1.66,2.30861025,0.6758412,9.225554,6.76651,0.61,0.0,1.188756,0.342319,0.4325,-4.4685
Mn-Mn,1.61,5,1.61,5,2.465,1.55,1.55,-0.52,-0.52,7.434038,7.434038,0.37,0.37,1.023223,1.018828,-0.9105,-0.9105
Fe-Mn,1.56,6,1.61,5,2.353,1.83,1.55,0.15323634,-0.52,7.9024681,7.434038,0.43,0.37,1.085228,0.772526,-0.8475,-0.929
Co-Mn,1.52,7,1.61,5,2.286,1.88,1.55,0.662265,-0.52,7.88101,7.434038,0.39,0.37,1.041801,0.512284,-0.2965,-0.499
Ni-Mn,1.49,8,1.61,5,2.286,1.91,1.55,1.1571612,-0.52,7.639878,7.434038,0.37,0.19,1.159741,0.476054,-0.9535,-1.4115
Cu-Mn,1.45,10,1.61,5,2.419,1.9,1.55,1.235784,-0.52,7.72638,7.434038,0.37,0.19,1.180995,0.625616,-1.305,-3.2585
Zn-Mn,1.42,10,1.61,5,2.541,1.65,1.55,-0.52,-0.62,9.394197,7.434038,0.37,0.24,1.11512,0.945689,-1.248,-7.484
Y-Mn,2.12,1,1.61,5,2.733,1.55,1.22,0.30712,-0.52,7.434038,6.21726,0.81,0.37,1.733462,0.865083,1.485,-0.623
Zr-Mn,2.06,2,1.61,5,2.521,1.55,1.33,0.433289,-0.52,7.434038,6.634126,0.84,0.37,1.600874,0.846536,0.9985,-0.6365
Nb-Mn,1.98,4,1.61,5,2.426,1.6,1.55,0.917407,-0.52,7.434038,6.75885,0.81,0.37,1.371825,0.902488,0.338,-0.851
Mo-Mn,1.9,5,1.61,5,2.135,2.16,1.55,0.74733,-0.52,7.434038,7.09243,0.62,0.37,1.018271,0.844303,-0.141,-0.4815
Tc-Mn,1.83,5,1.61,5,2.381,1.9,1.55,0.552,-0.52,7.434038,7.11938,0.5,0.37,1.042799,0.807052,-0.7075,-0.8485
Ru-Mn,1.78,7,1.61,5,2.133,2.2,1.55,1.0463825,-0.52,7.434038,7.3605,0.43,0.37,1.001612,0.56847,-0.616,-1.2125
Rh-Mn,1.73,8,1.61,5,2.379,2.28,1.55,1.142892,-0.52,7.4589,7.434038,0.37,0.31,1.167355,0.396492,-0.9075,-1.5275
Pd-Mn,1.69,10,1.61,5,2.316,2.2,1.55,0.5621412,-0.52,8.336839,7.434038,0.37,-0.03,1.194329,0.295018,-0.9165,-2.6595
Ag-Mn,1.65,10,1.61,5,2.408,1.93,1.55,1.304473,-0.52,7.576234,7.434038,0.37,0.1,1.200616,0.507394,-1.3495,-5.238
Cd-Mn,1.61,10,1.61,5,2.764,1.69,1.55,-0.52,-0.72,8.99382,7.434038,0.37,0.25,1.230407,0.391661,-1.1295,-7.8445
Hf-Mn,2.08,2,1.61,5,2.526,1.55,1.3,0.17807,-0.52,7.434038,6.82507,1.0,0.37,1.589288,0.827336,1.0825,-0.6115
Ta-Mn,2.0,3,1.61,5,2.438,1.55,1.5,0.32312,-0.52,7.549571,7.434038,0.75,0.37,1.42724,0.871719,0.423,-0.7165
W-Mn,1.93,4,1.61,5,2.171,2.36,1.55,0.816268,-0.52,7.86403,7.434038,0.85,0.37,1.114408,0.820684,0.027,-0.4015
Re-Mn,1.88,5,1.61,5,2.136,1.9,1.55,0.06039663,-0.52,7.83352,7.434038,0.5,0.37,0.928874,0.871057,-0.718,-1.0275
Os-Mn,1.85,6,1.61,5,2.148,2.2,1.55,1.0778013,-0.52,8.43823,7.434038,0.43,0.37,0.987422,0.595678,-0.601,-1.488
Ir-Mn,1.8,7,1.61,5,2.303,2.2,1.55,1.5643615,-0.52,8.96702,7.434038,0.44,0.37,1.108142,0.373713,-0.757,-1.798
Pt-Mn,1.77,9,1.61,5,2.323,2.28,1.55,2.125105,-0.52,8.95883,7.434038,0.37,0.11,1.196359,0.252291,-0.8095,-2.691
Au-Mn,1.74,10,1.61,5,2.389,2.54,1.55,2.30861025,-0.52,9.225554,7.434038,0.37,0.0,1.22737,0.405961,-1.2815,-5.03
Fe-Fe,1.56,6,1.56,6,2.215,1.83,1.83,0.15323634,0.15323634,7.9024681,7.9024681,0.43,0.43,0.815084,0.810485,-0.883,-0.883
Co-Fe,1.52,7,1.56,6,2.179,1.88,1.83,0.662265,0.15323634,7.9024681,7.88101,0.43,0.39,0.865926,0.596042,-0.961,-1.0625
Ni-Fe,1.49,8,1.56,6,2.305,1.91,1.83,1.1571612,0.15323634,7.9024681,7.639878,0.43,0.19,0.936571,0.547843,-1.324,-1.562
Cu-Fe,1.45,10,1.56,6,2.417,1.9,1.83,1.235784,0.15323634,7.9024681,7.72638,0.43,0.19,0.897561,0.642776,-1.1285,-3.033
Zn-Fe,1.42,10,1.56,6,2.479,1.83,1.65,0.15323634,-0.62,9.394197,7.9024681,0.43,0.24,0.965752,0.831881,-1.1105,-7.236
Y-Fe,2.12,1,1.56,6,2.593,1.83,1.22,0.30712,0.15323634,7.9024681,6.21726,0.81,0.43,1.734396,0.649376,1.5425,-1.0365
Zr-Fe,2.06,2,1.56,6,2.355,1.83,1.33,0.433289,0.15323634,7.9024681,6.634126,0.84,0.43,1.591608,0.581076,1.0315,-0.9845
Nb-Fe,1.98,4,1.56,6,2.101,1.83,1.6,0.917407,0.15323634,7.9024681,6.75885,0.81,0.43,1.350525,0.524199,0.511,-0.769
Mo-Fe,1.9,5,1.56,6,2.066,2.16,1.83,0.74733,0.15323634,7.9024681,7.09243,0.62,0.43,1.196306,0.600203,-0.4705,-0.9945
Tc-Fe,1.83,5,1.56,6,2.096,1.9,1.83,0.552,0.15323634,7.9024681,7.11938,0.5,0.43,0.890832,0.707071,-0.779,-0.91
Ru-Fe,1.78,7,1.56,6,2.191,2.2,1.83,1.0463825,0.15323634,7.9024681,7.3605,0.43,0.43,0.839644,0.626139,-1.0415,-1.0935
Rh-Fe,1.73,8,1.56,6,2.255,2.28,1.83,1.142892,0.15323634,7.9024681,7.4589,0.43,0.31,0.945722,0.414818,-1.1,-1.4335
Pd-Fe,1.69,10,1.56,6,2.328,2.2,1.83,0.5621412,0.15323634,8.336839,7.9024681,0.43,-0.03,0.964432,0.378534,-1.322,-2.821
Ag-Fe,1.65,10,1.56,6,2.44,1.93,1.83,1.304473,0.15323634,7.9024681,7.576234,0.43,0.1,0.898787,0.516696,-1.0535,-4.64
Cd-Fe,1.61,10,1.56,6,2.75,1.83,1.69,0.15323634,-0.72,8.99382,7.9024681,0.43,0.25,0.953787,0.41093,-0.8355,-7.4665
Hf-Fe,2.08,2,1.56,6,2.383,1.83,1.3,0.17807,0.15323634,7.9024681,6.82507,1.0,0.43,1.569753,0.48677,1.2475,-0.4965
Ta-Fe,2.0,3,1.56,6,2.141,1.83,1.5,0.32312,0.15323634,7.9024681,7.549571,0.75,0.43,1.413559,0.495979,0.561,-0.6415
W-Fe,1.93,4,1.56,6,2.101,2.36,1.83,0.816268,0.15323634,7.9024681,7.86403,0.85,0.43,1.298434,0.628924,-0.388,-1.1355
Re-Fe,1.88,5,1.56,6,2.095,1.9,1.83,0.15323634,0.06039663,7.9024681,7.83352,0.5,0.43,0.932984,0.69346,-0.838,-0.9555
Os-Fe,1.85,6,1.56,6,2.19,2.2,1.83,1.0778013,0.15323634,8.43823,7.9024681,0.43,0.43,0.842579,0.651196,-1.2045,-1.442
Ir-Fe,1.8,7,1.56,6,2.258,2.2,1.83,1.5643615,0.15323634,8.96702,7.9024681,0.44,0.43,0.945408,0.417571,-1.101,-1.638
Pt-Fe,1.77,9,1.56,6,2.323,2.28,1.83,2.125105,0.15323634,8.95883,7.9024681,0.43,0.11,1.004862,0.351882,-1.4695,-2.9475
Au-Fe,1.74,10,1.56,6,2.384,2.54,1.83,2.30861025,0.15323634,9.225554,7.9024681,0.43,0.0,0.930748,0.441452,-1.1265,-4.7255
Co-Co,1.52,7,1.52,7,2.257,1.88,1.88,0.662265,0.662265,7.88101,7.88101,0.39,0.39,0.678109,0.670988,-1.165,-1.165
Ni-Co,1.49,8,1.52,7,2.331,1.91,1.88,1.1571612,0.662265,7.88101,7.639878,0.39,0.19,0.69945,0.555588,-0.824,-1.0715
Cu-Co,1.45,10,1.52,7,2.422,1.9,1.88,1.235784,0.662265,7.88101,7.72638,0.39,0.19,0.668391,0.661949,-0.779,-2.737
Zn-Co,1.42,10,1.52,7,2.423,1.88,1.65,0.662265,-0.62,9.394197,7.88101,0.39,0.24,0.971989,0.639731,-0.9665,-7.116
Y-Co,2.12,1,1.52,7,2.513,1.88,1.22,0.662265,0.30712,7.88101,6.21726,0.81,0.39,1.733262,0.441213,1.6565,-0.8815
Zr-Co,2.06,2,1.52,7,2.226,1.88,1.33,0.662265,0.433289,7.88101,6.634126,0.84,0.39,1.630748,0.339557,1.115,-0.8775
Nb-Co,1.98,4,1.52,7,2.181,1.88,1.6,0.917407,0.662265,7.88101,6.75885,0.81,0.39,1.49492,0.4341,0.2605,-1.2485
Mo-Co,1.9,5,1.52,7,2.168,2.16,1.88,0.74733,0.662265,7.88101,7.09243,0.62,0.39,1.240475,0.504212,-0.4025,-1.256
Tc-Co,1.83,5,1.52,7,2.202,1.9,1.88,0.662265,0.552,7.88101,7.11938,0.5,0.39,0.964413,0.611601,-0.915,-1.3045
Ru-Co,1.78,7,1.52,7,2.24,2.2,1.88,1.0463825,0.662265,7.88101,7.3605,0.43,0.39,0.702858,0.698499,-1.031,-1.144
Rh-Co,1.73,8,1.52,7,2.312,2.28,1.88,1.142892,0.662265,7.88101,7.4589,0.39,0.31,0.729701,0.485281,-1.0845,-1.4315
Pd-Co,1.69,10,1.52,7,2.364,2.2,1.88,0.662265,0.5621412,8.336839,7.88101,0.39,-0.03,0.718255,0.398955,-0.8775,-2.4165
Ag-Co,1.65,10,1.52,7,2.39,1.93,1.88,1.304473,0.662265,7.88101,7.576234,0.39,0.1,0.671789,0.559687,-0.781,-4.6325
Cd-Co,1.61,10,1.52,7,2.69,1.88,1.69,0.662265,-0.72,8.99382,7.88101,0.39,0.25,0.76091,0.547715,-0.926,-7.701
Hf-Co,2.08,2,1.52,7,2.249,1.88,1.3,0.662265,0.17807,7.88101,6.82507,1.0,0.39,1.614524,0.345206,1.2065,-0.8155
Ta-Co,2.0,3,1.52,7,2.206,1.88,1.5,0.662265,0.32312,7.88101,7.549571,0.75,0.39,1.566607,0.413857,0.2725,-1.2155
W-Co,1.93,4,1.52,7,2.181,2.36,1.88,0.816268,0.662265,7.88101,7.86403,0.85,0.39,1.364805,0.479299,-0.279,-1.238
Re-Co,1.88,5,1.52,7,2.187,1.9,1.88,0.662265,0.06039663,7.88101,7.83352,0.5,0.39,1.022524,0.60189,-1.146,-1.5385
Os-Co,1.85,6,1.52,7,2.24,2.2,1.88,1.0778013,0.662265,8.43823,7.88101,0.43,0.39,0.716585,0.711205,-1.262,-1.2825
Ir-Co,1.8,7,1.52,7,2.302,2.2,1.88,1.5643615,0.662265,8.96702,7.88101,0.44,0.39,0.731613,0.491305,-1.13,-1.696
Pt-Co,1.77,9,1.52,7,2.362,2.28,1.88,2.125105,0.662265,8.95883,7.88101,0.39,0.11,0.73559,0.368144,-0.852,-2.423
Au-Co,1.74,10,1.52,7,2.377,2.54,1.88,2.30861025,0.662265,9.225554,7.88101,0.39,0.0,0.705305,0.478447,-0.8345,-4.533
Ni-Ni,1.49,8,1.49,8,2.365,1.91,1.91,1.1571612,1.1571612,7.639878,7.639878,0.19,0.19,0.594797,0.593507,-1.034,-1.034
Cu-Ni,1.45,10,1.49,8,2.404,1.91,1.9,1.235784,1.1571612,7.72638,7.639878,0.19,0.19,0.692898,0.638085,-1.649,-2.909
Zn-Ni,1.42,10,1.49,8,2.446,1.91,1.65,1.1571612,-0.62,9.394197,7.639878,0.24,0.19,1.017763,0.577738,-1.475,-7.3675
Y-Ni,2.12,1,1.49,8,2.467,1.91,1.22,1.1571612,0.30712,7.639878,6.21726,0.81,0.19,1.709992,0.328256,1.785,-1.1905
Zr-Ni,2.06,2,1.49,8,2.362,1.91,1.33,1.1571612,0.433289,7.639878,6.634126,0.84,0.19,1.747331,0.387599,0.7725,-1.786
Nb-Ni,1.98,4,1.49,8,2.314,1.91,1.6,1.1571612,0.917407,7.639878,6.75885,0.81,0.19,1.501292,0.442977,0.3335,-1.9135
Mo-Ni,1.9,5,1.49,8,2.38,2.16,1.91,1.1571612,0.74733,7.639878,7.09243,0.62,0.19,1.219267,0.507246,-0.288,-1.7525
Tc-Ni,1.83,5,1.49,8,2.33,1.91,1.9,1.1571612,0.552,7.639878,7.11938,0.5,0.19,1.013781,0.538827,-0.803,-1.4805
Ru-Ni,1.78,7,1.49,8,2.333,2.2,1.91,1.1571612,1.0463825,7.639878,7.3605,0.43,0.19,0.717829,0.612714,-0.9785,-1.5515
Rh-Ni,1.73,8,1.49,8,2.409,2.28,1.91,1.1571612,1.142892,7.639878,7.4589,0.31,0.19,0.632396,0.507097,-1.252,-1.27
Pd-Ni,1.69,10,1.49,8,2.361,2.2,1.91,1.1571612,0.5621412,8.336839,7.639878,0.19,-0.03,0.604852,0.416898,-0.907,-2.1695
Ag-Ni,1.65,10,1.49,8,2.382,1.93,1.91,1.304473,1.1571612,7.639878,7.576234,0.19,0.1,0.669275,0.60654,-1.9245,-5.1785
Cd-Ni,1.61,10,1.49,8,2.585,1.91,1.69,1.1571612,-0.72,8.99382,7.639878,0.25,0.19,0.649963,0.645649,-1.2125,-7.7565
Hf-Ni,2.08,2,1.49,8,2.361,1.91,1.3,1.1571612,0.17807,7.639878,6.82507,1.0,0.19,1.733213,0.374616,0.842,-1.751
Ta-Ni,2.0,3,1.49,8,2.306,1.91,1.5,1.1571612,0.32312,7.639878,7.549571,0.75,0.19,1.604342,0.411538,0.2755,-1.918
W-Ni,1.93,4,1.49,8,2.28,2.36,1.91,1.1571612,0.816268,7.86403,7.639878,0.85,0.19,1.426678,0.481876,-0.492,-2.1605
Re-Ni,1.88,5,1.49,8,2.336,1.91,1.9,1.1571612,0.06039663,7.83352,7.639878,0.5,0.19,1.036837,0.533016,-0.865,-1.612
Os-Ni,1.85,6,1.49,8,2.332,2.2,1.91,1.1571612,1.0778013,8.43823,7.639878,0.43,0.19,0.707496,0.608237,-1.089,-1.5
Ir-Ni,1.8,7,1.49,8,2.393,2.2,1.91,1.5643615,1.1571612,8.96702,7.639878,0.44,0.19,0.622893,0.501381,-1.325,-1.4925
Pt-Ni,1.77,9,1.49,8,2.366,2.28,1.91,2.125105,1.1571612,8.95883,7.639878,0.19,0.11,0.616449,0.395069,-0.9385,-2.269
Au-Ni,1.74,10,1.49,8,2.372,2.54,1.91,2.30861025,1.1571612,9.225554,7.639878,0.19,0.0,0.662082,0.530331,-1.7245,-4.8725
Cu-Cu,1.45,10,1.45,10,2.391,1.9,1.9,1.235784,1.235784,7.72638,7.72638,0.19,0.19,0.691145,0.684634,-2.719,-2.719
Zn-Cu,1.42,10,1.45,10,2.394,1.9,1.65,1.235784,-0.62,9.394197,7.72638,0.24,0.19,1.011959,0.600261,-2.5075,-7.0665
Y-Cu,2.12,1,1.45,10,2.648,1.9,1.22,1.235784,0.30712,7.72638,6.21726,0.81,0.19,1.875397,0.545413,1.144,-3.0885
Zr-Cu,2.06,2,1.45,10,2.55,1.9,1.33,1.235784,0.433289,7.72638,6.634126,0.84,0.19,1.687842,0.570062,0.656,-3.255
Nb-Cu,1.98,4,1.45,10,2.576,1.9,1.6,1.235784,0.917407,7.72638,6.75885,0.81,0.19,1.430047,0.577649,0.384,-2.968
Mo-Cu,1.9,5,1.45,10,2.496,2.16,1.9,1.235784,0.74733,7.72638,7.09243,0.62,0.19,1.199624,0.604098,-0.1905,-2.8315
Tc-Cu,1.83,5,1.45,10,2.411,1.9,1.9,1.235784,0.552,7.72638,7.11938,0.5,0.19,1.07271,0.639249,-1.151,-3.028
Ru-Cu,1.78,7,1.45,10,2.422,2.2,1.9,1.235784,1.0463825,7.72638,7.3605,0.43,0.19,0.748738,0.642492,-0.8435,-2.414
Rh-Cu,1.73,8,1.45,10,2.422,2.28,1.9,1.235784,1.142892,7.72638,7.4589,0.31,0.19,0.669429,0.482286,-1.065,-2.3655
Pd-Cu,1.69,10,1.45,10,2.406,2.2,1.9,1.235784,0.5621412,8.336839,7.72638,0.19,-0.03,0.714887,0.515018,-3.0235,-3.2065
Ag-Cu,1.65,10,1.45,10,2.557,1.93,1.9,1.304473,1.235784,7.72638,7.576234,0.19,0.1,0.688908,0.491312,-1.959,-3.161
Cd-Cu,1.61,10,1.45,10,2.559,1.9,1.69,1.235784,-0.72,8.99382,7.72638,0.25,0.19,0.786899,0.665278,-2.6125,-8.308
Hf-Cu,2.08,2,1.45,10,2.531,1.9,1.3,1.235784,0.17807,7.72638,6.82507,1.0,0.19,1.668234,0.557164,0.641,-3.301
Ta-Cu,2.0,3,1.45,10,2.465,1.9,1.5,1.235784,0.32312,7.72638,7.549571,0.75,0.19,1.560307,0.567962,0.138,-3.3195
W-Cu,1.93,4,1.45,10,2.487,2.36,1.9,1.235784,0.816268,7.86403,7.72638,0.85,0.19,1.302797,0.597742,-0.236,-2.947
Re-Cu,1.88,5,1.45,10,2.419,1.9,1.9,1.235784,0.06039663,7.83352,7.72638,0.5,0.19,0.992031,0.63176,-0.8285,-3.066
Os-Cu,1.85,6,1.45,10,2.447,2.2,1.9,1.235784,1.0778013,8.43823,7.72638,0.43,0.19,0.666434,0.654517,-0.9445,-2.5225
Ir-Cu,1.8,7,1.45,10,2.424,2.2,1.9,1.5643615,1.235784,8.96702,7.72638,0.44,0.19,0.685924,0.487957,-1.383,-2.4735
Pt-Cu,1.77,9,1.45,10,2.409,2.28,1.9,2.125105,1.235784,8.95883,7.72638,0.19,0.11,0.724736,0.48745,-3.022,-3.0655
Au-Cu,1.74,10,1.45,10,2.389,2.54,1.9,2.30861025,1.235784,9.225554,7.72638,0.19,0.0,0.751345,0.487288,-3.073,-4.5275
Zn-Zn,1.42,10,1.42,10,2.548,1.65,1.65,-0.62,-0.62,9.394197,9.394197,0.24,0.24,1.008114,1.006652,-7.754,-7.754
Y-Zn,2.12,1,1.42,10,2.876,1.65,1.22,0.30712,-0.62,9.394197,6.21726,0.81,0.24,2.012203,0.05162,1.703,-6.3265
Zr-Zn,2.06,2,1.42,10,2.74,1.65,1.33,0.433289,-0.62,9.394197,6.634126,0.84,0.24,1.924502,0.181378,0.8585,-6.3525
Nb-Zn,1.98,4,1.42,10,2.617,1.65,1.6,0.917407,-0.62,9.394197,6.75885,0.81,0.24,1.608587,0.357195,0.5065,-6.2505
Mo-Zn,1.9,5,1.42,10,2.551,2.16,1.65,0.74733,-0.62,9.394197,7.09243,0.62,0.24,1.278763,0.5373,-0.068,-6.352
Tc-Zn,1.83,5,1.42,10,2.497,1.9,1.65,0.552,-0.62,9.394197,7.11938,0.5,0.24,0.984264,0.766282,-0.7365,-6.723
Ru-Zn,1.78,7,1.42,10,2.473,2.2,1.65,1.0463825,-0.62,9.394197,7.3605,0.43,0.24,0.913065,0.620032,-0.8345,-6.918
Rh-Zn,1.73,8,1.42,10,2.452,2.28,1.65,1.142892,-0.62,9.394197,7.4589,0.31,0.24,1.039051,0.464363,-1.601,-7.396
Pd-Zn,1.69,10,1.42,10,2.402,2.2,1.65,0.5621412,-0.62,9.394197,8.336839,0.24,-0.03,0.906772,0.344591,-2.1845,-6.497
Ag-Zn,1.65,10,1.42,10,2.514,1.93,1.65,1.304473,-0.62,9.394197,7.576234,0.24,0.1,1.053831,0.486452,-4.164,-7.2875
Cd-Zn,1.61,10,1.42,10,2.822,1.69,1.65,-0.62,-0.72,9.394197,8.99382,0.25,0.24,1.05953,0.18266,-6.4115,-7.23
Hf-Zn,2.08,2,1.42,10,2.705,1.65,1.3,0.17807,-0.62,9.394197,6.82507,1.0,0.24,1.952672,0.242137,0.878,-6.5325
Ta-Zn,2.0,3,1.42,10,2.617,1.65,1.5,0.32312,-0.62,9.394197,7.549571,0.75,0.24,1.70812,0.37348,0.4535,-6.363
W-Zn,1.93,4,1.42,10,2.551,2.36,1.65,0.816268,-0.62,9.394197,7.86403,0.85,0.24,1.386937,0.515753,0.0995,-6.3015
Re-Zn,1.88,5,1.42,10,2.505,1.9,1.65,0.06039663,-0.62,9.394197,7.83352,0.5,0.24,1.008601,0.709134,-0.7385,-6.6395
Os-Zn,1.85,6,1.42,10,2.471,2.2,1.65,1.0778013,-0.62,9.394197,8.43823,0.43,0.24,0.836414,0.63714,-0.93,-6.6095
Ir-Zn,1.8,7,1.42,10,2.474,2.2,1.65,1.5643615,-0.62,9.394197,8.96702,0.44,0.24,1.000042,0.491537,-1.8275,-7.2165
Pt-Zn,1.77,9,1.42,10,2.412,2.28,1.65,2.125105,-0.62,9.394197,8.95883,0.24,0.11,0.877629,0.322764,-2.198,-6.2525
Au-Zn,1.74,10,1.42,10,2.412,2.54,1.65,2.30861025,-0.62,9.394197,9.225554,0.24,0.0,1.008208,0.37602,-4.25,-6.778
Y-Y,2.12,1,2.12,1,3.238,1.22,1.22,0.30712,0.30712,6.21726,6.21726,0.81,0.81,1.407235,1.404938,1.317,1.317
Zr-Y,2.06,2,2.12,1,2.926,1.33,1.22,0.433289,0.30712,6.634126,6.21726,0.84,0.81,1.466169,1.40859,1.2665,0.9295
Nb-Y,1.98,4,2.12,1,2.86,1.6,1.22,0.917407,0.30712,6.75885,6.21726,0.81,0.81,1.614049,0.945282,1.365,0.2775
Mo-Y,1.9,5,2.12,1,2.671,2.16,1.22,0.74733,0.30712,7.09243,6.21726,0.81,0.62,1.632633,0.891789,1.76,-0.134
Tc-Y,1.83,5,2.12,1,2.266,1.9,1.22,0.552,0.30712,7.11938,6.21726,0.81,0.5,1.564096,0.447148,1.639,-0.787
Ru-Y,1.78,7,2.12,1,2.528,2.2,1.22,1.0463825,0.30712,7.3605,6.21726,0.81,0.43,1.743825,0.395844,1.693,-0.899
Rh-Y,1.73,8,2.12,1,2.608,2.28,1.22,1.142892,0.30712,7.4589,6.21726,0.81,0.31,1.867294,0.405021,1.238,-2.225
Pd-Y,1.69,10,2.12,1,2.526,2.2,1.22,0.5621412,0.30712,8.336839,6.21726,0.81,-0.03,1.765568,0.095064,1.67,-2.432
Ag-Y,1.65,10,2.12,1,2.722,1.93,1.22,1.304473,0.30712,7.576234,6.21726,0.81,0.1,1.861877,0.379492,1.0975,-4.821
Cd-Y,1.61,10,2.12,1,3.184,1.69,1.22,0.30712,-0.72,8.99382,6.21726,0.81,0.25,2.036732,0.050934,1.6605,-8.6445
Hf-Y,2.08,2,2.12,1,2.936,1.3,1.22,0.30712,0.17807,6.82507,6.21726,1.0,0.81,1.528169,1.45347,1.289,0.614
Ta-Y,2.0,3,2.12,1,2.772,1.5,1.22,0.32312,0.30712,7.549571,6.21726,0.81,0.75,1.552659,1.241406,1.8195,0.542
W-Y,1.93,4,2.12,1,2.691,2.36,1.22,0.816268,0.30712,7.86403,6.21726,0.85,0.81,1.621999,0.668629,1.796,-0.0295
Re-Y,1.88,5,2.12,1,2.501,1.9,1.22,0.30712,0.06039663,7.83352,6.21726,0.81,0.5,1.621931,0.391958,1.813,-0.699
Os-Y,1.85,6,2.12,1,2.586,2.2,1.22,1.0778013,0.30712,8.43823,6.21726,0.81,0.43,1.731778,0.412806,1.666,-1.1665
Ir-Y,1.8,7,2.12,1,2.653,2.2,1.22,1.5643615,0.30712,8.96702,6.21726,0.81,0.44,1.865418,0.382941,1.216,-2.2875
Pt-Y,1.77,9,2.12,1,2.559,2.28,1.22,2.125105,0.30712,8.95883,6.21726,0.81,0.11,1.759866,0.031168,1.8,-2.442
Au-Y,1.74,10,2.12,1,2.696,2.54,1.22,2.30861025,0.30712,9.225554,6.21726,0.81,0.0,1.865134,0.259613,1.23,-4.681
Zr-Zr,2.06,2,2.06,2,2.749,1.33,1.33,0.433289,0.433289,6.634126,6.634126,0.84,0.84,1.265395,1.26437,1.024,1.024
Nb-Zr,1.98,4,2.06,2,2.286,1.6,1.33,0.917407,0.433289,6.75885,6.634126,0.84,0.81,1.309443,0.923623,1.0945,0.532
Mo-Zr,1.9,5,2.06,2,2.181,2.16,1.33,0.74733,0.433289,7.09243,6.634126,0.84,0.62,1.412268,0.725771,0.881,-0.539
Tc-Zr,1.83,5,2.06,2,2.091,1.9,1.33,0.552,0.433289,7.11938,6.634126,0.84,0.5,1.511966,0.502326,0.6635,-1.1645
Ru-Zr,1.78,7,2.06,2,2.364,2.2,1.33,1.0463825,0.433289,7.3605,6.634126,0.84,0.43,1.679221,0.429918,0.9045,-1.235
Rh-Zr,1.73,8,2.06,2,2.295,2.28,1.33,1.142892,0.433289,7.4589,6.634126,0.84,0.31,1.662262,0.155601,1.105,-1.664
Pd-Zr,1.69,10,2.06,2,2.449,2.2,1.33,0.5621412,0.433289,8.336839,6.634126,0.84,-0.03,1.755655,0.192241,0.677,-3.017
Ag-Zr,1.65,10,2.06,2,2.672,1.93,1.33,1.304473,0.433289,7.576234,6.634126,0.84,0.1,1.652682,0.42287,0.594,-4.967
Cd-Zr,1.61,10,2.06,2,3.215,1.69,1.33,0.433289,-0.72,8.99382,6.634126,0.84,0.25,1.903298,0.049917,0.8615,-8.454
Hf-Zr,2.08,2,2.06,2,2.816,1.33,1.3,0.433289,0.17807,6.82507,6.634126,1.0,0.84,1.322013,1.257553,1.048,1.041
Ta-Zr,2.0,3,2.06,2,2.517,1.5,1.33,0.433289,0.32312,7.549571,6.634126,0.84,0.75,1.360038,0.941712,1.1875,0.6295
W-Zr,1.93,4,2.06,2,2.316,2.36,1.33,0.816268,0.433289,7.86403,6.634126,0.85,0.84,1.414028,0.725756,1.113,-0.07
Re-Zr,1.88,5,2.06,2,2.346,1.9,1.33,0.433289,0.06039663,7.83352,6.634126,0.84,0.5,1.547999,0.420862,1.172,-0.577
Os-Zr,1.85,6,2.06,2,2.411,2.2,1.33,1.0778013,0.433289,8.43823,6.634126,0.84,0.43,1.698351,0.430269,0.8685,-1.418
Ir-Zr,1.8,7,2.06,2,2.344,2.2,1.33,1.5643615,0.433289,8.96702,6.634126,0.84,0.44,1.692349,0.114206,1.167,-1.7125
Pt-Zr,1.77,9,2.06,2,2.462,2.28,1.33,2.125105,0.433289,8.95883,6.634126,0.84,0.11,1.820427,0.138376,0.6615,-3.0775
Au-Zr,1.74,10,2.06,2,2.651,2.54,1.33,2.30861025,0.433289,9.225554,6.634126,0.84,0.0,1.681904,0.307029,0.5965,-4.9355
Nb-Nb,1.98,4,1.98,4,2.16,1.6,1.6,0.917407,0.917407,6.75885,6.75885,0.81,0.81,1.098571,1.097844,0.14,0.14
Mo-Nb,1.9,5,1.98,4,2.029,2.16,1.6,0.917407,0.74733,7.09243,6.75885,0.81,0.62,1.192096,0.827714,0.199,-0.696
Tc-Nb,1.83,5,1.98,4,2.223,1.9,1.6,0.917407,0.552,7.11938,6.75885,0.81,0.5,1.363891,0.636942,0.483,-0.697
Ru-Nb,1.78,7,1.98,4,2.158,2.2,1.6,1.0463825,0.917407,7.3605,6.75885,0.81,0.43,1.405821,0.370696,0.501,-1.185
Rh-Nb,1.73,8,1.98,4,2.251,2.28,1.6,1.142892,0.917407,7.4589,6.75885,0.81,0.31,1.551422,0.284544,0.2065,-2.073
Pd-Nb,1.69,10,1.98,4,2.396,2.2,1.6,0.917407,0.5621412,8.336839,6.75885,0.81,-0.03,1.515094,0.272314,0.2725,-3.1465
Ag-Nb,1.65,10,1.98,4,2.621,1.93,1.6,1.304473,0.917407,7.576234,6.75885,0.81,0.1,1.440228,0.473952,0.072,-5.037
Cd-Nb,1.61,10,1.98,4,3.152,1.69,1.6,0.917407,-0.72,8.99382,6.75885,0.81,0.25,1.651907,0.078661,0.3135,-8.137
Hf-Nb,2.08,2,1.98,4,2.508,1.6,1.3,0.917407,0.17807,6.82507,6.75885,1.0,0.81,1.3218,0.937162,1.219,0.647
Ta-Nb,2.0,3,1.98,4,2.306,1.6,1.5,0.917407,0.32312,7.549571,6.75885,0.81,0.75,1.096856,1.038788,0.3935,0.3835
W-Nb,1.93,4,1.98,4,2.292,2.36,1.6,0.917407,0.816268,7.86403,6.75885,0.85,0.81,1.214019,0.856947,0.283,-0.2915
Re-Nb,1.88,5,1.98,4,2.302,1.9,1.6,0.917407,0.06039663,7.83352,6.75885,0.81,0.5,1.383002,0.688575,0.3185,-0.799
Os-Nb,1.85,6,1.98,4,2.216,2.2,1.6,1.0778013,0.917407,8.43823,6.75885,0.81,0.43,1.421993,0.371016,0.573,-1.298
Ir-Nb,1.8,7,1.98,4,2.283,2.2,1.6,1.5643615,0.917407,8.96702,6.75885,0.81,0.44,1.587357,0.268068,0.158,-2.235
Pt-Nb,1.77,9,1.98,4,2.405,2.28,1.6,2.125105,0.917407,8.95883,6.75885,0.81,0.11,1.536499,0.227772,0.305,-3.1975
Au-Nb,1.74,10,1.98,4,2.596,2.54,1.6,2.30861025,0.917407,9.225554,6.75885,0.81,0.0,1.444388,0.364983,0.384,-4.934
Mo-Mo,1.9,5,1.9,5,2.015,2.16,2.16,0.74733,0.74733,7.09243,7.09243,0.62,0.62,1.038346,1.036844,-1.253,-1.253
Tc-Mo,1.83,5,1.9,5,2.097,2.16,1.9,0.74733,0.552,7.11938,7.09243,0.62,0.5,1.064876,0.703561,-0.282,-0.819
Ru-Mo,1.78,7,1.9,5,2.152,2.2,2.16,1.0463825,0.74733,7.3605,7.09243,0.62,0.43,1.246544,0.537656,-0.621,-1.555
Rh-Mo,1.73,8,1.9,5,2.242,2.28,2.16,1.142892,0.74733,7.4589,7.09243,0.62,0.31,1.27806,0.378631,-0.4245,-2.0185
Pd-Mo,1.69,10,1.9,5,2.443,2.2,2.16,0.74733,0.5621412,8.336839,7.09243,0.62,-0.03,1.244113,0.33294,-0.2835,-2.9715
Ag-Mo,1.65,10,1.9,5,2.546,2.16,1.93,1.304473,0.74733,7.576234,7.09243,0.62,0.1,1.195496,0.484307,-0.198,-4.7725
Cd-Mo,1.61,10,1.9,5,2.801,2.16,1.69,0.74733,-0.72,8.99382,7.09243,0.62,0.25,1.358101,0.391211,-0.2895,-8.077
Hf-Mo,2.08,2,1.9,5,2.395,2.16,1.3,0.74733,0.17807,7.09243,6.82507,1.0,0.62,1.417594,0.679007,1.042,-0.3
Ta-Mo,2.0,3,1.9,5,2.294,2.16,1.5,0.74733,0.32312,7.549571,7.09243,0.75,0.62,1.273429,0.794325,0.437,-0.331
W-Mo,1.93,4,1.9,5,2.13,2.36,2.16,0.816268,0.74733,7.86403,7.09243,0.85,0.62,1.032703,0.927769,-0.192,-0.377
Re-Mo,1.88,5,1.9,5,2.156,2.16,1.9,0.74733,0.06039663,7.83352,7.09243,0.62,0.5,1.053306,0.716725,-0.0785,-0.762
Os-Mo,1.85,6,1.9,5,2.189,2.2,2.16,1.0778013,0.74733,8.43823,7.09243,0.62,0.43,1.241449,0.555554,-0.557,-1.745
Ir-Mo,1.8,7,1.9,5,2.268,2.2,2.16,1.5643615,0.74733,8.96702,7.09243,0.62,0.44,1.28103,0.375712,-0.431,-2.1955
Pt-Mo,1.77,9,1.9,5,2.446,2.28,2.16,2.125105,0.74733,8.95883,7.09243,0.62,0.11,1.258555,0.298045,-0.255,-3.0215
Au-Mo,1.74,10,1.9,5,2.54,2.54,2.16,2.30861025,0.74733,9.225554,7.09243,0.62,0.0,1.229039,0.374489,-0.121,-4.672
Tc-Tc,1.83,5,1.83,5,2.108,1.9,1.9,0.552,0.552,7.11938,7.11938,0.5,0.5,0.873347,0.863678,-1.161,-1.161
Ru-Tc,1.78,7,1.83,5,2.172,2.2,1.9,1.0463825,0.552,7.3605,7.11938,0.5,0.43,0.93813,0.634432,-0.987,-1.3675
Rh-Tc,1.73,8,1.83,5,2.328,2.28,1.9,1.142892,0.552,7.4589,7.11938,0.5,0.31,0.996985,0.442954,-0.8045,-1.708
Pd-Tc,1.69,10,1.83,5,2.435,2.2,1.9,0.5621412,0.552,8.336839,7.11938,0.5,-0.03,1.002244,0.413602,-1.0355,-3.2065
Ag-Tc,1.65,10,1.83,5,2.738,1.93,1.9,1.304473,0.552,7.576234,7.11938,0.5,0.1,1.115897,0.348237,-0.7635,-3.2545
Cd-Tc,1.61,10,1.83,5,2.924,1.9,1.69,0.552,-0.72,8.99382,7.11938,0.5,0.25,1.175074,0.251979,-0.835,-7.4855
Hf-Tc,2.08,2,1.83,5,2.313,1.9,1.3,0.552,0.17807,7.11938,6.82507,1.0,0.5,1.495214,0.434691,1.103,-0.623
Ta-Tc,2.0,3,1.83,5,2.198,1.9,1.5,0.552,0.32312,7.549571,7.11938,0.75,0.5,1.306509,0.526649,0.7755,-0.442
W-Tc,1.93,4,1.83,5,2.145,2.36,1.9,0.816268,0.552,7.86403,7.11938,0.85,0.5,1.162442,0.65014,-0.064,-0.649
Re-Tc,1.88,5,1.83,5,2.147,1.9,1.9,0.552,0.06039663,7.83352,7.11938,0.5,0.5,0.912397,0.85016,-1.077,-1.205
Os-Tc,1.85,6,1.83,5,2.201,2.2,1.9,1.0778013,0.552,8.43823,7.11938,0.5,0.43,0.939776,0.648111,-0.985,-1.6405
Ir-Tc,1.8,7,1.83,5,2.337,2.2,1.9,1.5643615,0.552,8.96702,7.11938,0.5,0.44,0.992985,0.437342,-0.801,-1.8835
Pt-Tc,1.77,9,1.83,5,2.426,2.28,1.9,2.125105,0.552,8.95883,7.11938,0.5,0.11,1.026125,0.392725,-1.0675,-3.277
Au-Tc,1.74,10,1.83,5,2.488,2.54,1.9,2.30861025,0.552,9.225554,7.11938,0.5,0.0,1.083263,0.429262,-1.14,-4.9105
Ru-Ru,1.78,7,1.78,7,2.236,2.2,2.2,1.0463825,1.0463825,7.3605,7.3605,0.43,0.43,0.73087,0.717888,-1.5275,-1.5275
Rh-Ru,1.73,8,1.78,7,2.344,2.28,2.2,1.142892,1.0463825,7.4589,7.3605,0.43,0.31,0.731649,0.53707,-1.156,-1.845
Pd-Ru,1.69,10,1.78,7,2.46,2.2,2.2,1.0463825,0.5621412,8.336839,7.3605,0.43,-0.03,0.68692,0.458568,-0.843,-2.845
Ag-Ru,1.65,10,1.78,7,2.725,2.2,1.93,1.304473,1.0463825,7.576234,7.3605,0.43,0.1,0.790146,0.436691,-0.6465,-3.0405
Cd-Ru,1.61,10,1.78,7,2.666,2.2,1.69,1.0463825,-0.72,8.99382,7.3605,0.43,0.25,0.69482,0.68094,-0.727,-8.15
Hf-Ru,2.08,2,1.78,7,2.381,2.2,1.3,1.0463825,0.17807,7.3605,6.82507,1.0,0.43,1.636402,0.414516,1.091,-1.1095
Ta-Ru,2.0,3,1.78,7,2.198,2.2,1.5,1.0463825,0.32312,7.549571,7.3605,0.75,0.43,1.464661,0.331277,0.525,-1.039
W-Ru,1.93,4,1.78,7,2.187,2.36,2.2,1.0463825,0.816268,7.86403,7.3605,0.85,0.43,1.35418,0.499637,-0.425,-1.481
Re-Ru,1.88,5,1.78,7,2.196,2.2,1.9,1.0463825,0.06039663,7.83352,7.3605,0.5,0.43,0.993238,0.609503,-1.079,-1.3775
Os-Ru,1.85,6,1.78,7,2.241,2.2,2.2,1.0778013,1.0463825,8.43823,7.3605,0.43,0.43,0.718763,0.670857,-1.4165,-1.7305
Ir-Ru,1.8,7,1.78,7,2.351,2.2,2.2,1.5643615,1.0463825,8.96702,7.3605,0.44,0.43,0.74047,0.5213,-1.154,-1.9865
Pt-Ru,1.77,9,1.78,7,2.458,2.28,2.2,2.125105,1.0463825,8.95883,7.3605,0.43,0.11,0.694218,0.439584,-0.855,-2.911
Au-Ru,1.74,10,1.78,7,2.492,2.54,2.2,2.30861025,1.0463825,9.225554,7.3605,0.43,0.0,0.711723,0.470622,-0.7655,-4.437
Rh-Rh,1.73,8,1.73,8,2.453,2.28,2.28,1.142892,1.142892,7.4589,7.4589,0.31,0.31,0.533596,0.528928,-1.425,-1.425
Pd-Rh,1.69,10,1.73,8,2.448,2.28,2.2,1.142892,0.5621412,8.336839,7.4589,0.31,-0.03,0.544253,0.456201,-1.446,-2.6385
Ag-Rh,1.65,10,1.73,8,2.72,2.28,1.93,1.304473,1.142892,7.576234,7.4589,0.31,0.1,0.586895,0.494951,-1.217,-3.154
Cd-Rh,1.61,10,1.73,8,2.723,2.28,1.69,1.142892,-0.72,8.99382,7.4589,0.31,0.25,0.679082,0.583824,-1.514,-8.086
Hf-Rh,2.08,2,1.73,8,2.308,2.28,1.3,1.142892,0.17807,7.4589,6.82507,1.0,0.31,1.647295,0.14526,1.133,-1.584
Ta-Rh,2.0,3,1.73,8,2.275,2.28,1.5,1.142892,0.32312,7.549571,7.4589,0.75,0.31,1.64339,0.252014,0.1385,-2.069
W-Rh,1.93,4,1.73,8,2.261,2.36,2.28,1.142892,0.816268,7.86403,7.4589,0.85,0.31,1.406975,0.33632,-0.3315,-2.006
Re-Rh,1.88,5,1.73,8,2.27,2.28,1.9,1.142892,0.06039663,7.83352,7.4589,0.5,0.31,0.998844,0.466138,-1.032,-2.1085
Os-Rh,1.85,6,1.73,8,2.309,2.28,2.2,1.142892,1.0778013,8.43823,7.4589,0.43,0.31,0.73874,0.536157,-1.6335,-2.1565
Ir-Rh,1.8,7,1.73,8,2.439,2.28,2.2,1.5643615,1.142892,8.96702,7.4589,0.44,0.31,0.532025,0.529054,-1.466,-1.658
Pt-Rh,1.77,9,1.73,8,2.445,2.28,2.28,2.125105,1.142892,8.95883,7.4589,0.31,0.11,0.551662,0.457017,-1.5095,-2.816
Au-Rh,1.74,10,1.73,8,2.45,2.54,2.28,2.30861025,1.142892,9.225554,7.4589,0.31,0.0,0.509749,0.479236,-0.954,-4.027
Pd-Pd,1.69,10,1.69,10,2.387,2.2,2.2,0.5621412,0.5621412,8.336839,8.336839,-0.03,-0.03,0.433494,0.426041,-2.0,-2.0
Ag-Pd,1.65,10,1.69,10,2.413,2.2,1.93,1.304473,0.5621412,8.336839,7.576234,0.1,-0.03,0.623182,0.504835,-3.168,-5.091
Cd-Pd,1.61,10,1.69,10,2.718,2.2,1.69,0.5621412,-0.72,8.99382,8.336839,0.25,-0.03,0.549104,0.521192,-2.556,-7.502
Hf-Pd,2.08,2,1.69,10,2.449,2.2,1.3,0.5621412,0.17807,8.336839,6.82507,1.0,-0.03,1.745511,0.182465,0.674,-3.007
Ta-Pd,2.0,3,1.69,10,2.387,2.2,1.5,0.5621412,0.32312,8.336839,7.549571,0.75,-0.03,1.630258,0.236492,0.0945,-3.2145
W-Pd,1.93,4,1.69,10,2.442,2.36,2.2,0.816268,0.5621412,8.336839,7.86403,0.85,-0.03,1.351348,0.317809,-0.286,-3.0285
Re-Pd,1.88,5,1.69,10,2.424,2.2,1.9,0.5621412,0.06039663,8.336839,7.83352,0.5,-0.03,0.975321,0.400431,-0.8975,-3.096
Os-Pd,1.85,6,1.69,10,2.45,2.2,2.2,1.0778013,0.5621412,8.43823,8.336839,0.43,-0.03,0.710495,0.450587,-1.142,-2.885
Ir-Pd,1.8,7,1.69,10,2.442,2.2,2.2,1.5643615,0.5621412,8.96702,8.336839,0.44,-0.03,0.552961,0.456032,-1.664,-2.631
Pt-Pd,1.77,9,1.69,10,2.401,2.28,2.2,2.125105,0.5621412,8.95883,8.336839,0.11,-0.03,0.434491,0.425551,-2.019,-2.144
Au-Pd,1.74,10,1.69,10,2.412,2.54,2.2,2.30861025,0.5621412,9.225554,8.336839,0.0,-0.03,0.550881,0.505542,-2.95,-4.806
Ag-Ag,1.65,10,1.65,10,2.606,1.93,1.93,1.304473,1.304473,7.576234,7.576234,0.1,0.1,0.537628,0.493715,-3.102,-3.102
Cd-Ag,1.61,10,1.65,10,2.598,1.93,1.69,1.304473,-0.72,8.99382,7.576234,0.25,0.1,0.750573,0.512577,-3.982,-8.176
Hf-Ag,2.08,2,1.65,10,2.641,1.93,1.3,1.304473,0.17807,7.576234,6.82507,1.0,0.1,1.645664,0.407715,0.534,-4.9585
Ta-Ag,2.0,3,1.65,10,2.624,1.93,1.5,1.304473,0.32312,7.576234,7.549571,0.75,0.1,1.978514,-0.156465,0.0005,-4.0325
W-Ag,1.93,4,1.65,10,2.609,2.36,1.93,1.304473,0.816268,7.86403,7.576234,0.85,0.1,1.638965,-0.107734,-0.3045,-3.789
Re-Ag,1.88,5,1.65,10,2.735,1.93,1.9,1.304473,0.06039663,7.83352,7.576234,0.5,0.1,1.122152,0.343101,-0.7195,-3.3055
Os-Ag,1.85,6,1.65,10,2.748,2.2,1.93,1.304473,1.0778013,8.43823,7.576234,0.43,0.1,0.789666,0.437636,-0.9105,-3.0745
Ir-Ag,1.8,7,1.65,10,2.724,2.2,1.93,1.5643615,1.304473,8.96702,7.576234,0.44,0.1,0.604592,0.488485,-1.488,-3.208
Pt-Ag,1.77,9,1.65,10,2.451,2.28,1.93,2.125105,1.304473,8.95883,7.576234,0.11,0.1,0.627295,0.482985,-3.043,-5.023
Au-Ag,1.74,10,1.65,10,2.638,2.54,1.93,2.30861025,1.304473,9.225554,7.576234,0.1,0.0,0.465884,0.462439,-2.797,-3.323
Cd-Cd,1.61,10,1.61,10,2.625,1.69,1.69,-0.72,-0.72,8.99382,8.99382,0.25,0.25,0.695214,0.539429,-7.577,-7.577
Hf-Cd,2.08,2,1.61,10,3.174,1.69,1.3,0.17807,-0.72,8.99382,6.82507,1.0,0.25,1.891607,0.043974,0.9785,-8.3565
Ta-Cd,2.0,3,1.61,10,3.051,1.69,1.5,0.32312,-0.72,8.99382,7.549571,0.75,0.25,1.791339,0.117277,0.1305,-8.418
W-Cd,1.93,4,1.61,10,2.793,2.36,1.69,0.816268,-0.72,8.99382,7.86403,0.85,0.25,1.46081,0.377769,-0.089,-8.0675
Re-Cd,1.88,5,1.61,10,2.749,1.9,1.69,0.06039663,-0.72,8.99382,7.83352,0.5,0.25,1.069241,0.528147,-0.777,-8.1165
Os-Cd,1.85,6,1.61,10,2.695,2.2,1.69,1.0778013,-0.72,8.99382,8.43823,0.43,0.25,0.730388,0.637942,-0.992,-7.984
Ir-Cd,1.8,7,1.61,10,2.733,2.2,1.69,1.5643615,-0.72,8.99382,8.96702,0.44,0.25,0.670656,0.591333,-1.722,-8.0795
Pt-Cd,1.77,9,1.61,10,2.925,2.28,1.69,2.125105,-0.72,8.99382,8.95883,0.25,0.11,0.616609,0.329591,-2.837,-7.208
Au-Cd,1.74,10,1.61,10,2.595,2.54,1.69,2.30861025,-0.72,9.225554,8.99382,0.25,0.0,0.83328,0.451327,-4.363,-8.375
Hf-Hf,2.08,2,2.08,2,2.832,1.3,1.3,0.17807,0.17807,6.82507,6.82507,1.0,1.0,1.311372,1.309247,0.8265,0.8265
Ta-Hf,2.0,3,2.08,2,2.63,1.5,1.3,0.32312,0.17807,7.549571,6.82507,1.0,0.75,1.400485,1.010673,0.899,0.347
W-Hf,1.93,4,2.08,2,2.539,2.36,1.3,0.816268,0.17807,7.86403,6.82507,1.0,0.85,1.489946,0.983382,0.926,-0.1015
Re-Hf,1.88,5,2.08,2,2.38,1.9,1.3,0.17807,0.06039663,7.83352,6.82507,1.0,0.5,1.538916,0.402017,1.2095,-0.548
Os-Hf,1.85,6,2.08,2,2.418,2.2,1.3,1.0778013,0.17807,8.43823,6.82507,1.0,0.43,1.718926,0.407403,0.9085,-1.3815
Ir-Hf,1.8,7,2.08,2,2.352,2.2,1.3,1.5643615,0.17807,8.96702,6.82507,1.0,0.44,1.68765,0.101898,1.159,-1.655
Pt-Hf,1.77,9,2.08,2,2.458,2.28,1.3,2.125105,0.17807,8.95883,6.82507,1.0,0.11,1.815654,0.124047,0.627,-3.0775
Au-Hf,1.74,10,2.08,2,2.603,2.54,1.3,2.30861025,0.17807,9.225554,6.82507,1.0,0.0,1.66368,0.301992,0.5995,-5.0
Ta-Ta,2.0,3,2.0,3,2.396,1.5,1.5,0.32312,0.32312,7.549571,7.549571,0.75,0.75,1.079894,1.073892,0.5195,0.5195
W-Ta,1.93,4,2.0,3,2.337,2.36,1.5,0.816268,0.32312,7.86403,7.549571,0.85,0.75,1.236219,0.828509,0.3765,-0.2215
Re-Ta,1.88,5,2.0,3,2.264,1.9,1.5,0.32312,0.06039663,7.83352,7.549571,0.75,0.5,1.31743,0.552518,0.795,-0.515
Os-Ta,1.85,6,2.0,3,2.242,2.2,1.5,1.0778013,0.32312,8.43823,7.549571,0.75,0.43,1.488044,0.336478,0.603,-1.187
Ir-Ta,1.8,7,2.0,3,2.304,2.2,1.5,1.5643615,0.32312,8.96702,7.549571,0.75,0.44,1.673603,0.231303,0.101,-2.191
Pt-Ta,1.77,9,2.0,3,2.404,2.28,1.5,2.125105,0.32312,8.95883,7.549571,0.75,0.11,1.650973,0.184332,0.1295,-3.24
Au-Ta,1.74,10,2.0,3,2.597,2.54,1.5,2.30861025,0.32312,9.225554,7.549571,0.75,0.0,1.568325,0.332233,-0.0135,-5.006
W-W,1.93,4,1.93,4,2.237,2.36,2.36,0.816268,0.816268,7.86403,7.86403,0.85,0.85,0.988487,0.984632,-0.0085,-0.0085
Re-W,1.88,5,1.93,4,2.193,2.36,1.9,0.816268,0.06039663,7.86403,7.83352,0.85,0.5,1.144265,0.690802,0.095,-0.6315
Os-W,1.85,6,1.93,4,2.22,2.36,2.2,1.0778013,0.816268,8.43823,7.86403,0.85,0.43,1.3566,0.510665,-0.386,-1.654
Ir-W,1.8,7,1.93,4,2.285,2.36,2.2,1.5643615,0.816268,8.96702,7.86403,0.85,0.44,1.40648,0.33146,-0.3325,-2.1815
Pt-W,1.77,9,1.93,4,2.445,2.36,2.28,2.125105,0.816268,8.95883,7.86403,0.85,0.11,1.369714,0.274533,-0.23,-3.0615
Au-W,1.74,10,1.93,4,2.535,2.54,2.36,2.30861025,0.816268,9.225554,7.86403,0.85,0.0,1.353706,0.374492,-0.2435,-4.9085
Re-Re,1.88,5,1.88,5,2.149,1.9,1.9,0.06039663,0.06039663,7.83352,7.83352,0.5,0.5,0.893218,0.890059,-1.07,-1.07
Os-Re,1.85,6,1.88,5,2.196,2.2,1.9,1.0778013,0.06039663,8.43823,7.83352,0.5,0.43,0.993946,0.636904,-1.018,-1.5835
Ir-Re,1.8,7,1.88,5,2.274,2.2,1.9,1.5643615,0.06039663,8.96702,7.83352,0.5,0.44,1.010558,0.467833,-1.0335,-2.3215
Pt-Re,1.77,9,1.88,5,2.425,2.28,1.9,2.125105,0.06039663,8.95883,7.83352,0.5,0.11,1.008955,0.371737,-0.8995,-3.194
Au-Re,1.74,10,1.88,5,2.495,2.54,1.9,2.30861025,0.06039663,9.225554,7.83352,0.5,0.0,1.061074,0.433299,-0.944,-4.9095
Os-Os,1.85,6,1.85,6,2.244,2.2,2.2,1.0778013,1.0778013,8.43823,8.43823,0.43,0.43,0.716821,0.691871,-1.7235,-1.7235
Ir-Os,1.8,7,1.85,6,2.296,2.2,2.2,1.5643615,1.0778013,8.96702,8.43823,0.44,0.43,0.762808,0.561504,-1.748,-2.48
Pt-Os,1.77,9,1.85,6,2.451,2.28,2.2,2.125105,1.0778013,8.95883,8.43823,0.43,0.11,0.721391,0.436574,-1.147,-2.974
Au-Os,1.74,10,1.85,6,2.493,2.54,2.2,2.30861025,1.0778013,9.225554,8.43823,0.43,0.0,0.719069,0.474869,-0.964,-4.515
Ir-Ir,1.8,7,1.8,7,2.432,2.2,2.2,1.5643615,1.5643615,8.96702,8.96702,0.44,0.44,0.53914,0.531508,-1.695,-1.695
Pt-Ir,1.77,9,1.8,7,2.442,2.28,2.2,2.125105,1.5643615,8.96702,8.95883,0.44,0.11,0.57154,0.464354,-1.8125,-2.973
Au-Ir,1.74,10,1.8,7,2.459,2.54,2.2,2.30861025,1.5643615,9.225554,8.96702,0.44,0.0,0.516466,0.492677,-1.286,-4.216
Pt-Pt,1.77,9,1.77,9,2.414,2.28,2.28,2.125105,2.125105,8.95883,8.95883,0.11,0.11,0.446862,0.426662,-2.197,-2.197
Au-Pt,1.74,10,1.77,9,2.427,2.54,2.28,2.30861025,2.125105,9.225554,8.95883,0.11,0.0,0.569255,0.491863,-2.884,-4.806
Au-Au,1.74,10,1.74,10,2.433,2.54,2.54,2.30861025,2.30861025,9.225554,9.225554,0.0,0.0,0.645948,0.637845,-5.556,-5.556
